ID,Place_Name,type,City,Budget_Level,Age_Group,Trip_Type,Description,Latitude,Longitude,Coordinate_Source,Geocode_Status,Estimated_Cost_ILS
1,Mosque of 'Umar Ibn al-Khattab (Qalqilya),Religious,Qalqilya,Medium,All,Religious,"The Mosque of Umar Ibn al-Khattab (Qalqilya) is a local mosque named after the second Islamic caliph, serving as a central place of worship in Qalqilya.",32.190557,34.966009,OpenStreetMap Photon (city centroid fallback),City-level,55
2,Al-Far'a Tower,Historic Old City,Tubas,Medium,All,Cultural,Al-Far'a Tower is a historic watchtower structure in the Tubas governorate.,32.323439,35.369366,OpenStreetMap Photon (city centroid fallback),City-level,60
3,Khirbet Keshda (Ruin),Archaeological,Tubas,Low,Youth,Adventure,"Khirbet Keshda is an archaeological ruin site in the Tubas governorate, with limited detailed public documentation of its history.",32.323439,35.369366,OpenStreetMap Photon (city centroid fallback),City-level,10
4,Khirbet Aniun (Ruin),Archaeological,Tubas,Low,Youth,Adventure,"Khirbet Aniun is an archaeological ruin site in the Tubas governorate, with limited detailed public documentation of its history.",32.323439,35.369366,OpenStreetMap Photon (city centroid fallback),City-level,15
5,Khirbat Um Kubiesh ('Atuf),Archaeological,Tubas,Low,Youth,Adventure,"Khirbat Um Kubiesh, near 'Atuf in the Tubas governorate, is a rural archaeological and agricultural site.",32.323439,35.369366,OpenStreetMap Photon (city centroid fallback),City-level,5
6,Khirbet Salhab (Ruin),Archaeological,Tubas,Low,Youth,Adventure,"Khirbet Salhab is an archaeological ruin site in the Tubas governorate, with limited detailed public documentation of its history.",32.323439,35.369366,OpenStreetMap Photon (city centroid fallback),City-level,10
7,Khirbet Ibziq,Archaeological,Tubas,Low,Youth,Adventure,"Khirbet Ibziq is an archaeological ruin site in the Tubas governorate, in the Jordan Valley area, associated with ancient and Byzantine-period remains.",32.323439,35.369366,OpenStreetMap Photon (city centroid fallback),City-level,15
8,The cemetery (an-Nassariya),Historic Old City,Tubas,Medium,All,Cultural,The cemetery of an-Nassariya is a local burial ground in the Tubas governorate.,32.323439,35.369366,OpenStreetMap Photon (city centroid fallback),City-level,25
9,Khirbet al-Malih (Ruin),Archaeological,Tubas,Low,Youth,Adventure,Khirbet al-Malih is an archaeological ruin site in the Tubas governorate's Jordan Valley area.,32.323439,35.369366,OpenStreetMap Photon (city centroid fallback),City-level,0
10,Al-Malih Tower,Historic Old City,Tubas,Medium,All,Cultural,Al-Malih Tower is a historic watchtower structure near Khirbet al-Malih in the Tubas governorate's Jordan Valley area.,32.323439,35.369366,OpenStreetMap Photon (city centroid fallback),City-level,30
11,Khirbet Jabaris - Ruins of Jabaris,Archaeological,Tubas,Low,Youth,Adventure,"Khirbet Jabaris is an archaeological ruin site in the Tubas governorate, with limited detailed public documentation of its history.",32.323439,35.369366,OpenStreetMap Photon (city centroid fallback),City-level,15
12,Khirbat al Ghurur,Archaeological,Tubas,Low,Youth,Adventure,"Khirbat al-Ghurur is an archaeological ruin site in the Tubas governorate, with limited detailed public documentation of its history.",32.323439,35.369366,OpenStreetMap Photon (city centroid fallback),City-level,10
13,Jenin Visitor's Center,Museum,Jenin,Medium,Family,Cultural,The Jenin Visitor's Center provides information and orientation for tourists exploring the city of Jenin and its surrounding sites.,32.468789,35.296756,OpenStreetMap Photon (city centroid fallback),City-level,60
14,Fatima Khatun School,Historic Old City,Jenin,Low,All,Cultural,"Fatima Khatun School is a historic Islamic educational institution in Jenin, part of a complex associated with a Mamluk or Ottoman-era benefactress.",32.468789,35.296756,OpenStreetMap Photon (city centroid fallback),City-level,10
15,"Fatima Khatun Mosque (Jenin Grand Mosque, The Great Mosque)",Religious,Jenin,Medium,All,Religious,"The Fatima Khatun Mosque, also known as the Jenin Grand Mosque, is the city's main historic mosque, part of a religious and educational endowment complex.",32.468789,35.296756,OpenStreetMap Photon (city centroid fallback),City-level,30
16,"Burqin Church (Saint George, Church of the Ten Lepers)",Religious,Jenin,Medium,All,Religious,"Burqin Church (St. George, Church of the Ten Lepers), in the village of Burqin near Jenin, is regarded as one of the oldest churches in the world, built at the traditional site where Jesus healed ten lepers.",32.468789,35.296756,OpenStreetMap Photon (city centroid fallback),City-level,25
17,The Freedom Theater,Family/Recreational,Jenin,Medium,Youth,Family,"The Freedom Theatre, in the Jenin refugee camp, is a well-known community theatre and cultural center founded to give young Palestinians a creative outlet through drama and the arts.",32.463367,35.287232,OpenStreetMap Photon,Matched,35
18,Iraqi Army Martyrs Cemetery,Historic Old City,Jenin,Medium,All,Cultural,The Iraqi Army Martyrs Cemetery in Jenin honors Iraqi soldiers who fought in the 1948 Arab-Israeli war.,32.468789,35.296756,OpenStreetMap Photon (city centroid fallback),City-level,40
19,The German Memorial,Historic Old City,Jenin,Low,All,Cultural,The German Memorial in Jenin commemorates German nationals or a German-linked historical episode connected to the area; visitors should verify specific historical context locally.,32.468789,35.296756,OpenStreetMap Photon (city centroid fallback),City-level,15
20,Sheikh Sabi's Shrine,Religious,Jenin,Medium,All,Religious,"Sheikh Sabi's Shrine is a local Islamic shrine (maqam) in the Jenin area, venerated by area residents.",32.468789,35.296756,OpenStreetMap Photon (city centroid fallback),City-level,55
21,Jenin Museum of Folklore,Museum,Jenin,High,Family,Cultural,"The Jenin Museum of Folklore showcases traditional Palestinian rural life, costumes, and crafts from the Jenin district.",32.468789,35.296756,OpenStreetMap Photon (city centroid fallback),City-level,115
22,Khirbat Bal'ame,Archaeological,Jenin,Low,Youth,Adventure,"Khirbat Bal'ame, near Jenin, is an important archaeological tell (mound) with remains spanning the Bronze Age through later periods, including an ancient underground water tunnel system.",32.468789,35.296756,OpenStreetMap Photon (city centroid fallback),City-level,5
23,Church of Visitation,Religious,Jenin,Medium,All,Religious,"The Church of the Visitation, near Jenin, commemorates the biblical visit of Mary to her cousin Elizabeth.",32.468789,35.296756,OpenStreetMap Photon (city centroid fallback),City-level,40
24,Khirbat Kharruba (Ruin),Archaeological,Jenin,Low,Youth,Adventure,"Khirbat Kharruba is an archaeological ruin site in the Jenin governorate, with limited detailed public documentation of its history.",32.468789,35.296756,OpenStreetMap Photon (city centroid fallback),City-level,0
25,The shrine of the prophet Ilyas,Religious,Qalqilya,Medium,All,Religious,The Shrine of the Prophet Ilyas (Elijah) is a local Islamic shrine in the Qalqilya area venerated in connection with the prophet Elijah.,32.190557,34.966009,OpenStreetMap Photon (city centroid fallback),City-level,25
26,The prophet Simeon (son of Jacob),Historic Old City,Qalqilya,Low,All,Cultural,The shrine of the Prophet Simeon (son of Jacob) is a local Islamic and biblical shrine in the Qalqilya area associated with the biblical patriarch's son Simeon.,32.190557,34.966009,OpenStreetMap Photon (city centroid fallback),City-level,5
27,Khirbat Sufin (Ruin),Archaeological,Qalqilya,Low,Youth,Adventure,"Khirbat Sufin is an archaeological ruin site in the Qalqilya governorate, with limited detailed public documentation of its history.",32.190557,34.966009,OpenStreetMap Photon (city centroid fallback),City-level,20
28,The site of the prophet Yameen,Historic Old City,Qalqilya,Low,All,Cultural,"The site of the Prophet Yameen (Benjamin) is a local shrine in the Qalqilya area associated with the biblical patriarch's youngest son, Benjamin.",32.190557,34.966009,OpenStreetMap Photon (city centroid fallback),City-level,0
29,The Zoo,Family/Recreational,Qalqilya,High,Family,Family,"The Qalqilya Zoo is a small municipal zoo, notable as one of the few zoos in the Palestinian territories, popular with families.",32.190557,34.966009,OpenStreetMap Photon (city centroid fallback),City-level,145
30,Mosque of Ali Ibn Abi Talib,Religious,Qalqilya,Medium,All,Religious,The Mosque of Ali Ibn Abi Talib is a local mosque in Qalqilya named after the fourth Islamic caliph and cousin of the Prophet Muhammad.,32.190557,34.966009,OpenStreetMap Photon (city centroid fallback),City-level,55
31,The shrine of the sons of al-Awwam,Religious,Qalqilya,Medium,All,Religious,The shrine of the sons of al-Awwam is a local Islamic shrine in the Qalqilya area.,32.190557,34.966009,OpenStreetMap Photon (city centroid fallback),City-level,40
32,The old town of Jinsafut,Historic Old City,Qalqilya,Low,All,Cultural,"The old town of Jinsafut, in the Qalqilya governorate, retains historic Ottoman-era architecture and a traditional village core.",32.190557,34.966009,OpenStreetMap Photon (city centroid fallback),City-level,10
33,The Roman Pools - Sanniriya,Archaeological,Qalqilya,Low,Youth,Adventure,"The Roman Pools at Sanniriya, in the Qalqilya governorate, are ancient water reservoirs dating to the Roman period.",32.190557,34.966009,OpenStreetMap Photon (city centroid fallback),City-level,20
34,The Shrine of Jacob's Daughters,Religious,Tulkarm,Medium,All,Religious,The Shrine of Jacob's Daughters is a local Islamic and biblical shrine in the Tulkarm governorate.,32.313376,35.022438,OpenStreetMap Photon (city centroid fallback),City-level,55
35,Shufa Village,Historic Old City,Tulkarm,Low,Family,Cultural,"Shufa Village, in the Tulkarm governorate, is a small Palestinian village known for its traditional agricultural landscape.",32.313376,35.022438,OpenStreetMap Photon (city centroid fallback),City-level,10
36,Tel Al-Ras - Shuweika,Archaeological,Tulkarm,Low,Youth,Adventure,"Tel Al-Ras, in Shuweika near Tulkarm, is an archaeological mound (tell) containing remains from multiple historical periods.",32.313376,35.022438,OpenStreetMap Photon (city centroid fallback),City-level,5
37,Roman stone quarry - Beit Lid,Archaeological,Tulkarm,Low,Youth,Adventure,"The Roman stone quarry at Beit Lid, in the Tulkarm governorate, contains remains of ancient stone-cutting activity from the Roman period.",32.313376,35.022438,OpenStreetMap Photon (city centroid fallback),City-level,15
38,Al-Bad - Beit Lid,Historic Old City,Tulkarm,Low,All,Cultural,Al-Bad (traditional olive press) in Beit Lid is a historic stone olive-oil pressing facility reflecting the region's long agricultural heritage.,32.313376,35.022438,OpenStreetMap Photon (city centroid fallback),City-level,0
39,Khirbet Samara,Archaeological,Tulkarm,Low,Youth,Adventure,"Khirbet Samara is an archaeological ruin site in the Tulkarm governorate, with limited detailed public documentation of its history.",32.313376,35.022438,OpenStreetMap Photon (city centroid fallback),City-level,10
40,Khirbet Beit Jafa,Archaeological,Tulkarm,Low,Youth,Adventure,"Khirbet Beit Jafa is an archaeological ruin site in the Tulkarm governorate, with limited detailed public documentation of its history.",32.313376,35.022438,OpenStreetMap Photon (city centroid fallback),City-level,5
41,Bal'a Forests,Nature & Trails,Tulkarm,Low,Youth,Adventure,"The Bal'a Forests, in the Tulkarm governorate, are a wooded natural area popular for outdoor recreation.",32.313376,35.022438,OpenStreetMap Photon (city centroid fallback),City-level,0
42,The Cultural Center for Child Development,Family/Recreational,Tulkarm,Medium,Family,Family,"The Cultural Center for Child Development, in the Tulkarm area, offers educational and cultural programming for children.",32.313376,35.022438,OpenStreetMap Photon (city centroid fallback),City-level,60
43,Mamluk Mosque - Beit Lid,Religious,Tulkarm,Medium,All,Religious,The Mamluk Mosque in Beit Lid is a historic mosque dating to the Mamluk period.,32.313376,35.022438,OpenStreetMap Photon (city centroid fallback),City-level,25
44,Tel Al-Tlul,Archaeological,Tulkarm,Low,Youth,Adventure,Tel Al-Tlul is an archaeological mound (tell) in the Tulkarm governorate.,32.313376,35.022438,OpenStreetMap Photon (city centroid fallback),City-level,20
45,Nirba,Historic Old City,Tulkarm,Low,All,Cultural,Nirba is a rural site in the Tulkarm governorate.,32.313376,35.022438,OpenStreetMap Photon (city centroid fallback),City-level,10
46,The pottery factory,Historic Old City,Tulkarm,Medium,All,Cultural,"The pottery factory, in the Tulkarm area, reflects the region's traditional ceramics and craft industry.",32.313376,35.022438,OpenStreetMap Photon (city centroid fallback),City-level,25
47,The Roman Bathhouse,Archaeological,Tulkarm,Medium,Youth,Adventure,"The Roman Bathhouse, in the Tulkarm governorate, contains remains of an ancient Roman-period bathing facility.",32.313376,35.022438,OpenStreetMap Photon (city centroid fallback),City-level,25
48,The Grape Press,Historic Old City,Tulkarm,Low,All,Cultural,"The Grape Press, in the Tulkarm governorate, is a historic stone installation used for traditional grape pressing.",32.313376,35.022438,OpenStreetMap Photon (city centroid fallback),City-level,0
49,Nisf Jubeil,Historic Old City,Nablus,Low,All,Cultural,Nisf Jubeil is a rural locality in the Nablus governorate.,32.228066,35.237042,OpenStreetMap Photon (city centroid fallback),City-level,10
50,"Al-Hijaz Railway (Al-Masudiyya)- Burqa, Nablus",Historic Old City,Nablus,Low,All,Cultural,"The Al-Hijaz Railway station (Al-Masudiyya) in Burqa, near Nablus, is a remnant of the early 20th-century Ottoman railway line that once connected Damascus to Medina.",32.228066,35.237042,OpenStreetMap Photon (city centroid fallback),City-level,15
51,Sebastia,Historic Old City,Nablus,Low,All,Cultural,"Sebastia, near Nablus, is one of Palestine's most significant archaeological sites, home to the ruins of the ancient city of Samaria, capital of the biblical Kingdom of Israel and later rebuilt by Herod the Great as a grand Roman city.",32.228066,35.237042,OpenStreetMap Photon (city centroid fallback),City-level,5
52,"Church of Saint John the Baptist or Mosque of Yahya, Sebastia",Religious,Nablus,Medium,All,Religious,The Church of St. John the Baptist (also used as the Mosque of Yahya) in Sebastia is a Crusader-era church traditionally built over the site where John the Baptist's head was said to be buried.,32.228066,35.237042,OpenStreetMap Photon (city centroid fallback),City-level,50
53,Roman Colonnaded Street,Archaeological,Nablus,Low,Youth,Adventure,"The Roman Colonnaded Street in Sebastia is a well-preserved avenue lined with columns, part of the ancient Roman city built under Herod the Great.",32.228066,35.237042,OpenStreetMap Photon (city centroid fallback),City-level,5
54,Roman Amphitheater of Sebastia (Anfiteatro Romano Sebastia),Archaeological,Nablus,Medium,Youth,Adventure,"The Roman Amphitheater of Sebastia is one of the archaeological highlights of the ancient city, used for public spectacles in the Roman period.",32.228066,35.237042,OpenStreetMap Photon (city centroid fallback),City-level,25
55,Forum and the Basilica,Historic Old City,Nablus,Medium,All,Cultural,The Forum and Basilica of Sebastia were the ancient city's central civic and administrative buildings during the Roman period.,32.228066,35.237042,OpenStreetMap Photon (city centroid fallback),City-level,35
56,The Stadium,Family/Recreational,Nablus,Medium,Family,Family,The Stadium at Sebastia was used for athletic and public events in the Roman-era city.,32.228066,35.237042,OpenStreetMap Photon (city centroid fallback),City-level,40
57,Temple of Augstus,Historic Old City,Nablus,Medium,All,Cultural,"The Temple of Augustus at Sebastia was a monumental temple built by Herod the Great in honor of the Roman emperor Augustus, standing atop the acropolis of ancient Samaria.",32.27661,35.189021,OpenStreetMap Photon,Matched,35
58,Tourism Interpretation Center,Historic Old City,Nablus,High,All,Cultural,The Tourism Interpretation Center at Sebastia provides visitor orientation and historical context for the archaeological site.,32.228066,35.237042,OpenStreetMap Photon (city centroid fallback),City-level,95
59,The Shrine of the Prophet Yahya (John the Baptist),Religious,Nablus,Medium,All,Religious,The Shrine of the Prophet Yahya (John the Baptist) in Sebastia is venerated by Muslims as the traditional burial site of John the Baptist's head.,32.228066,35.237042,OpenStreetMap Photon (city centroid fallback),City-level,35
60,Sebastia Archaeological Museum,Archaeological,Nablus,High,Family,Adventure,The Sebastia Archaeological Museum displays artifacts recovered from excavations of the ancient city.,32.228066,35.237042,OpenStreetMap Photon (city centroid fallback),City-level,135
61,Al-Kayed Palace,Historic Old City,Nablus,Medium,Family,Cultural,"Al-Kayed Palace, in Sebastia, is a historic Ottoman-era residence.",32.228066,35.237042,OpenStreetMap Photon (city centroid fallback),City-level,55
62,The Shrine of Sheikh Sha'la or Shu'ala,Religious,Nablus,Medium,All,Religious,The Shrine of Sheikh Sha'la (Shu'ala) is a local Islamic shrine in the Sebastia/Nablus area.,32.228066,35.237042,OpenStreetMap Photon (city centroid fallback),City-level,40
63,Al-Badhan Village,Historic Old City,Nablus,Low,Family,Cultural,"Al-Badhan Village, near Nablus, is known for its natural spring and picturesque valley setting, popular for day trips.",32.228066,35.237042,OpenStreetMap Photon (city centroid fallback),City-level,10
64,The Shrine of Joseph (Yusuf),Religious,Nablus,Medium,All,Religious,"The Shrine of Joseph (Yusuf), near Nablus, is venerated in Islamic, Christian, and Jewish tradition as associated with the biblical patriarch Joseph.",32.228066,35.237042,OpenStreetMap Photon (city centroid fallback),City-level,25
65,The Roman Amphitheater,Archaeological,Nablus,Medium,Youth,Adventure,The Roman Amphitheater (Nablus area) contains remains of an ancient Roman entertainment structure.,32.228066,35.237042,OpenStreetMap Photon (city centroid fallback),City-level,60
66,The Roman Hippodrome,Archaeological,Nablus,Medium,Youth,Adventure,"The Roman Hippodrome, near Nablus, was an ancient venue for chariot races and public events.",32.228066,35.237042,OpenStreetMap Photon (city centroid fallback),City-level,40
67,Khan Al-Wakalah,Historic Old City,Nablus,Low,All,Cultural,"Khan Al-Wakalah is a historic Ottoman-era caravanserai in Nablus's Old City, once used to house traveling merchants and their goods.",32.228066,35.237042,OpenStreetMap Photon (city centroid fallback),City-level,5
68,The Old Rafidia Mosque,Religious,Nablus,Medium,All,Religious,The Old Rafidia Mosque is a historic mosque in the Rafidia quarter of Nablus.,32.228066,35.237042,OpenStreetMap Photon (city centroid fallback),City-level,60
69,Jacob's Well Church,Religious,Nablus,Medium,All,Religious,"Jacob's Well Church, near Nablus, is a Greek Orthodox church built over the biblical well traditionally identified as the site where Jesus spoke with the Samaritan woman.",32.228066,35.237042,OpenStreetMap Photon (city centroid fallback),City-level,30
70,Jupiter temple on Tel Al-Ras,Archaeological,Nablus,Medium,Youth,Adventure,"The Jupiter Temple on Tel al-Ras, near Nablus, contains the remains of a Roman-period temple dedicated to Jupiter, built atop the sacred summit of Mount Gerizim.",32.228066,35.237042,OpenStreetMap Photon (city centroid fallback),City-level,35
71,Al-Khadra Mosque or Hizn Sidna Yaq'ub Mosque,Religious,Nablus,Medium,All,Religious,Al-Khadra Mosque (Hizn Sidna Yaq'ub Mosque) in Nablus is associated with the tradition of the patriarch Jacob's grief.,32.228066,35.237042,OpenStreetMap Photon (city centroid fallback),City-level,30
72,"Shechem - The Canaanite City, Tel - Balata",Archaeological,Nablus,Low,Youth,Adventure,"Tel Balata (ancient Shechem) is a major archaeological site near Nablus, the remains of a Canaanite city dating back nearly 4,000 years and mentioned repeatedly in biblical texts.",32.228066,35.237042,OpenStreetMap Photon (city centroid fallback),City-level,20
73,The Western Roman Cemetery,Archaeological,Nablus,Medium,Youth,Adventure,"The Western Roman Cemetery, near Nablus, contains ancient burial remains from the Roman period.",32.228066,35.237042,OpenStreetMap Photon (city centroid fallback),City-level,40
74,The Roman Theater,Archaeological,Nablus,Medium,Youth,Adventure,"The Roman Theater, near Nablus, contains remains of an ancient Roman-period theater.",32.228066,35.237042,OpenStreetMap Photon (city centroid fallback),City-level,50
75,Great Mosque of Nablus - Al-Salahi Mosque,Religious,Nablus,Medium,All,Religious,"The Great Mosque of Nablus (Al-Salahi Mosque) is one of the city's principal historic mosques, with origins tracing back to a Byzantine-era church later converted into a mosque.",32.228066,35.237042,OpenStreetMap Photon (city centroid fallback),City-level,40
76,The Roman Colonnaded Street,Archaeological,Nablus,Low,Youth,Adventure,The Roman Colonnaded Street (Nablus) contains remains of an ancient Roman-era thoroughfare lined with columns.,32.228066,35.237042,OpenStreetMap Photon (city centroid fallback),City-level,0
77,The Latin Church,Religious,Nablus,Medium,All,Religious,"The Latin Church, in Nablus, is a historic Roman Catholic church serving the city's Christian community.",32.228066,35.237042,OpenStreetMap Photon (city centroid fallback),City-level,45
78,An-Nasr Mosque,Religious,Nablus,Medium,All,Religious,An-Nasr Mosque is a historic mosque in Nablus.,32.228066,35.237042,OpenStreetMap Photon (city centroid fallback),City-level,25
79,The Manara Clock Tower and Bab Al-Saha (Quarter of Nablus),Historic Old City,Nablus,Medium,All,Cultural,"The Manara Clock Tower and Bab Al-Saha mark a historic landmark and gateway quarter in Nablus's Old City, the clock tower built in the early 20th century under Ottoman rule.",32.228066,35.237042,OpenStreetMap Photon (city centroid fallback),City-level,45
80,Ras Al-Ein,Historic Old City,Nablus,Low,All,Cultural,"Ras Al-Ein, in Nablus, is a historic spring and water source that has served the city for centuries.",32.228066,35.237042,OpenStreetMap Photon (city centroid fallback),City-level,15
81,Abd Al-Hadi Palace,Historic Old City,Nablus,Medium,Family,Cultural,"Abd Al-Hadi Palace, in Nablus, is a historic Ottoman-era residence built by the prominent Abd al-Hadi family.",32.228066,35.237042,OpenStreetMap Photon (city centroid fallback),City-level,25
82,Tel Sufar - Sufan,Archaeological,Nablus,Low,Youth,Adventure,Tel Sufar (Sufan) is an archaeological mound (tell) near Nablus.,32.228066,35.237042,OpenStreetMap Photon (city centroid fallback),City-level,5
83,The Old Town of Nablus,Historic Old City,Nablus,Low,All,Cultural,"The Old Town of Nablus is a historic quarter known for its Ottoman-era architecture, narrow alleyways, traditional soap factories, and famous kunafa sweets shops.",32.228066,35.237042,OpenStreetMap Photon (city centroid fallback),City-level,20
84,Samaritan Museum,Museum,Nablus,High,Family,Cultural,"The Samaritan Museum, near Nablus, showcases the history, religion, and traditions of the Samaritan community, one of the world's smallest and oldest religious minorities.",32.203624,35.270345,OpenStreetMap Photon,Matched,145
85,Ein Qarioun (Spring),Nature & Trails,Nablus,Low,Youth,Adventure,"Ein Qarioun is a natural spring near Nablus, a local recreational spot.",32.228066,35.237042,OpenStreetMap Photon (city centroid fallback),City-level,10
86,Sama Nablus Park,Nature & Trails,Nablus,Low,Family,Adventure,Sama Nablus Park is a recreational green space in Nablus popular with families.,32.228066,35.237042,OpenStreetMap Photon (city centroid fallback),City-level,20
87,Mount Gerizim and the Samaritan Sect.,Nature & Trails,Nablus,Low,Youth,Adventure,"Mount Gerizim, overlooking Nablus, is the holiest site of the Samaritan religion, home to the small remaining Samaritan community and the site of their annual Passover sacrifice.",32.228066,35.237042,OpenStreetMap Photon (city centroid fallback),City-level,5
88,Virgin Mary's Church (Mount Gerizim),Religious,Nablus,Low,All,Religious,The Virgin Mary's Church on Mount Gerizim is a Christian church associated with the mountain's religious significance.,32.228066,35.237042,OpenStreetMap Photon (city centroid fallback),City-level,0
89,The Monastery of Bir El-Hamam,Religious,Nablus,Medium,All,Religious,"The Monastery of Bir El-Hamam, near Nablus, is a historic monastic site.",32.228066,35.237042,OpenStreetMap Photon (city centroid fallback),City-level,40
90,Wadi Al-Tuffah (Apple Valley) and the Water Mills,Nature & Trails,Nablus,Low,Youth,Adventure,"Wadi Al-Tuffah (Apple Valley), near Nablus, is a scenic valley historically home to traditional water mills powered by natural springs.",32.228066,35.237042,OpenStreetMap Photon (city centroid fallback),City-level,20
91,Rafidia Village,Historic Old City,Nablus,Low,Family,Cultural,Rafidia Village (now a Nablus neighborhood) retains historic character within the growing city.,32.228066,35.237042,OpenStreetMap Photon (city centroid fallback),City-level,20
92,The Olive Press (Al-Bad) and the Dar Al Dawani,Historic Old City,Nablus,Low,All,Cultural,"The Olive Press (Al-Bad) and Dar Al-Dawani, in Nablus, are historic facilities reflecting the city's long-standing olive oil and soap-making industries.",32.228066,35.237042,OpenStreetMap Photon (city centroid fallback),City-level,10
93,Men Column Shrine in Nablus,Religious,Nablus,Medium,All,Religious,"The Men Column Shrine, in Nablus, is a local historic monument.",32.228066,35.237042,OpenStreetMap Photon (city centroid fallback),City-level,55
94,The Eastern Roman Cemetery (The Askar Mausoleum),Archaeological,Nablus,Medium,Youth,Adventure,"The Eastern Roman Cemetery (Askar Mausoleum), near Nablus, contains ancient Roman-period burial remains.",32.228066,35.237042,OpenStreetMap Photon (city centroid fallback),City-level,40
95,The Shrine of Mujir Al-Din,Religious,Nablus,Medium,All,Religious,"The Shrine of Mujir Al-Din, in Nablus, honors the noted 15th-century historian and scholar of Jerusalem and Hebron.",32.228066,35.237042,OpenStreetMap Photon (city centroid fallback),City-level,40
96,Tomb of Sheikh Ghanem (Gerizim),Religious,Nablus,Medium,All,Religious,"The Tomb of Sheikh Ghanem, on Mount Gerizim, is a local Islamic shrine.",32.228066,35.237042,OpenStreetMap Photon (city centroid fallback),City-level,40
97,Al-Saqaya Standpipe,Historic Old City,Nablus,Low,All,Cultural,"Al-Saqaya Standpipe, in Nablus's Old City, is a historic public water fountain.",32.228066,35.237042,OpenStreetMap Photon (city centroid fallback),City-level,5
98,Braik Mill (Abdul Haqq Soap Factory),Historic Old City,Nablus,Medium,All,Cultural,"Braik Mill (Abdul Haqq Soap Factory), in Nablus, is a historic facility tied to the city's traditional olive-oil soap industry.",32.228066,35.237042,OpenStreetMap Photon (city centroid fallback),City-level,45
99,Al-Tubani Corner (Al-Sheikh Nazmi Okal's Corner),Historic Old City,Nablus,Low,All,Cultural,"Al-Tubani Corner, in Nablus's Old City, is a historic architectural landmark associated with the Sheikh Nazmi Okal family.",32.228066,35.237042,OpenStreetMap Photon (city centroid fallback),City-level,0
100,Al-Satoun Mosque,Religious,Nablus,Medium,All,Religious,Al-Satoun Mosque is a historic mosque in Nablus's Old City.,32.228066,35.237042,OpenStreetMap Photon (city centroid fallback),City-level,30
101,Hosh Al-Atout (Quarter),Historic Old City,Nablus,Low,All,Cultural,"Hosh Al-Atout is a historic residential quarter within Nablus's Old City, characteristic of the city's traditional courtyard-house architecture.",32.228066,35.237042,OpenStreetMap Photon (city centroid fallback),City-level,10
102,The Western Hanbali Mosque,Religious,Nablus,Medium,All,Religious,The Western Hanbali Mosque is a historic mosque in Nablus associated with the Hanbali school of Islamic jurisprudence.,32.228066,35.237042,OpenStreetMap Photon (city centroid fallback),City-level,20
103,Al-Nimr Palace,Historic Old City,Nablus,Medium,Family,Cultural,"Al-Nimr Palace, in Nablus, is a historic Ottoman-era residence built by the prominent al-Nimr family.",32.228066,35.237042,OpenStreetMap Photon (city centroid fallback),City-level,25
104,An-Najah Centenary Museum,Museum,Nablus,High,Family,Cultural,"The An-Najah Centenary Museum, at An-Najah National University, commemorates the institution's history and development.",32.228066,35.237042,OpenStreetMap Photon (city centroid fallback),City-level,110
105,The Shrine of Sheikh Musallam,Religious,Nablus,Medium,All,Religious,The Shrine of Sheikh Musallam is a local Islamic shrine in Nablus.,32.228066,35.237042,OpenStreetMap Photon (city centroid fallback),City-level,20
106,Khan Al-Tujjar (Fabric Market),Historic Old City,Nablus,Medium,Youth,Cultural,Khan Al-Tujjar (Fabric Market) is a historic Ottoman-era commercial market in Nablus's Old City.,32.228066,35.237042,OpenStreetMap Photon (city centroid fallback),City-level,45
107,Touqan Palace,Historic Old City,Nablus,Medium,Family,Cultural,"Touqan Palace, in Nablus, is a historic Ottoman-era residence built by the prominent Touqan family, one of the city's leading notable families.",32.228066,35.237042,OpenStreetMap Photon (city centroid fallback),City-level,45
108,Hammam Al-Shifa (The new bathhouse),Historic Old City,Nablus,Medium,All,Cultural,Hammam Al-Shifa is a historic Ottoman-era bathhouse in Nablus's Old City.,32.228066,35.237042,OpenStreetMap Photon (city centroid fallback),City-level,55
109,Al-Bader Soap Factory,Historic Old City,Nablus,Medium,All,Cultural,"The Al-Bader Soap Factory, in Nablus, is a historic olive-oil soap production facility, part of the city's centuries-old soap-making heritage.",32.228066,35.237042,OpenStreetMap Photon (city centroid fallback),City-level,25
110,Rassassi Mosque and Al Mawardyah School,Religious,Jerusalem,Medium,All,Religious,Rassassi Mosque and Al-Mawardiyya School form a historic Islamic religious and educational complex within Jerusalem's Old City.,31.695506,35.187508,OpenStreetMap Photon (city centroid fallback),City-level,20
111,Al Khanaqah Al-Salahiyya,Historic Old City,Jerusalem,Low,All,Cultural,"Al-Khanaqah Al-Salahiyya is a Sufi lodge (khanqah) in Jerusalem's Old City, founded during the Ayyubid period associated with Salah al-Din.",31.695506,35.187508,OpenStreetMap Photon (city centroid fallback),City-level,20
112,Maqam Sittunshuq,Religious,Jerusalem,Low,All,Religious,Maqam Sittunshuq is a small historic Islamic shrine (maqam) in Jerusalem's Old City.,31.695506,35.187508,OpenStreetMap Photon (city centroid fallback),City-level,0
113,Al Mujahid Badreddin Lulu Mosque,Religious,Jerusalem,Medium,All,Religious,"Al-Mujahid Badreddin Lulu Mosque is a historic mosque in Jerusalem's Old City, named after a Mamluk-era religious figure.",31.695506,35.187508,OpenStreetMap Photon (city centroid fallback),City-level,55
114,Red Minaret mosque,Religious,Jerusalem,Medium,All,Religious,The Red Minaret Mosque is named for its distinctively colored minaret within Jerusalem's Old City.,31.695506,35.187508,OpenStreetMap Photon (city centroid fallback),City-level,30
115,Sultan Suliemam The Magnificent Sabil,Religious,Jerusalem,Low,All,Religious,"The Sabil of Sultan Suleiman the Magnificent is an Ottoman-era public drinking fountain in Jerusalem's Old City, part of a network of sabils built under Suleiman's patronage.",31.695506,35.187508,OpenStreetMap Photon (city centroid fallback),City-level,0
116,Salman Alfarissi Mosque,Religious,Jerusalem,Medium,All,Religious,Salman Alfarissi Mosque is a historic mosque in Jerusalem's Old City named after a companion of the Prophet Muhammad.,31.695506,35.187508,OpenStreetMap Photon (city centroid fallback),City-level,20
117,Waqf Azzawyah AlAfaghanya,Religious,Jerusalem,Low,All,Religious,"Waqf Azzawyah Al-Afghaniyya is a historic Islamic religious endowment (zawiya) site in Jerusalem's Old City, associated with Afghan Sufi tradition.",31.695506,35.187508,OpenStreetMap Photon (city centroid fallback),City-level,0
118,Maqam Khasky Sultan,Religious,Jerusalem,Low,All,Religious,"Maqam Khasky Sultan is a historic Islamic shrine in Jerusalem's Old City, associated with the Ottoman-era Khasseki Sultan complex.",31.695506,35.187508,OpenStreetMap Photon (city centroid fallback),City-level,0
119,Khalidi Library Annex,Museum,Jerusalem,Medium,All,Cultural,"The Khalidi Library Annex is part of the historic Khalidi family library complex in Jerusalem's Old City, one of the oldest private manuscript libraries in Palestine.",31.695506,35.187508,OpenStreetMap Photon (city centroid fallback),City-level,40
120,Bab Al Silsila,Religious,Jerusalem,Low,All,Religious,Bab Al-Silsila (Gate of the Chain) is one of the historic gates leading into the Al-Aqsa Mosque compound in Jerusalem's Old City.,31.695506,35.187508,OpenStreetMap Photon (city centroid fallback),City-level,0
121,Qubur Al Mujahideen,Religious,Jerusalem,Low,All,Religious,Qubur Al-Mujahideen refers to historic graves of religious fighters (mujahideen) within Jerusalem's Old City.,31.695506,35.187508,OpenStreetMap Photon (city centroid fallback),City-level,0
122,Masjid Alsu'oud,Religious,Jerusalem,Low,All,Religious,Masjid Alsu'oud is a historic mosque within Jerusalem's Old City.,31.695506,35.187508,OpenStreetMap Photon (city centroid fallback),City-level,0
123,Nabi Samuel. Ghneim mosque,Religious,Jerusalem,Medium,All,Religious,The Nabi Samuel / Ghneim Mosque is associated with the shrine tradition of the Prophet Samuel near Jerusalem.,31.695506,35.187508,OpenStreetMap Photon (city centroid fallback),City-level,20
124,Artughrul the 3rd School,Historic Old City,Jerusalem,Low,All,Cultural,Artughrul the 3rd School is a historic Islamic educational institution (madrasa) in Jerusalem's Old City.,31.695506,35.187508,OpenStreetMap Photon (city centroid fallback),City-level,15
125,Mosque of Omar,Religious,Jerusalem,Medium,All,Religious,"The Mosque of Omar, near the Church of the Holy Sepulchre, commemorates the Caliph Omar Ibn al-Khattab's historic entry into Jerusalem in 637 CE.",31.695506,35.187508,OpenStreetMap Photon (city centroid fallback),City-level,50
126,Waly Allah Sidi Mohammad Al Qirami,Religious,Jerusalem,Low,All,Religious,The shrine (waly) of Sidi Mohammad Al-Qirami is a historic Islamic sanctuary in Jerusalem's Old City.,31.695506,35.187508,OpenStreetMap Photon (city centroid fallback),City-level,0
127,Nakshbandi sufi Order,Religious,Jerusalem,Low,All,Religious,The Naqshbandi Sufi Order maintains a historic religious presence and lodge within Jerusalem's Old City.,31.695506,35.187508,OpenStreetMap Photon (city centroid fallback),City-level,0
128,Al Jannat Mosque,Religious,Jerusalem,Medium,All,Religious,Al-Jannat Mosque is a historic mosque within Jerusalem's Old City.,31.695506,35.187508,OpenStreetMap Photon (city centroid fallback),City-level,40
129,Al Aqsa Mosque,Religious,Jerusalem,Medium,All,Religious,"Al-Aqsa Mosque, within the Haram al-Sharif compound in Jerusalem's Old City, is the third holiest site in Islam and a central place of worship and pilgrimage.",32.325605,35.025518,OpenStreetMap Photon,Matched,50
130,Maqam Rabaa Al Adawyah,Religious,Jerusalem,Low,All,Religious,Maqam Rabaa Al-Adawiyah is a shrine associated with the revered early Islamic mystic and poet Rabia al-Adawiyya.,31.695506,35.187508,OpenStreetMap Photon (city centroid fallback),City-level,0
131,Tomb of Scientist Al Sheikh Abdul Rahman Mojeer Iddin Alhanbali Al Alami grandson of Caliph Omar Ibn Alkhattab,Religious,Jerusalem,Medium,All,Religious,"This tomb in Jerusalem's Old City belongs to the scholar Sheikh Abdul Rahman Mujir al-Din al-Hanbali al-Alami, a noted 15th-century historian of Jerusalem and descendant of Caliph Omar Ibn al-Khattab.",31.695506,35.187508,OpenStreetMap Photon (city centroid fallback),City-level,50
132,Maqam Bayram Gaweish and Library,Religious,Jerusalem,Medium,All,Religious,Maqam Bayram Gaweish and its associated library form a historic Islamic religious site in Jerusalem's Old City.,31.695506,35.187508,OpenStreetMap Photon (city centroid fallback),City-level,55
133,Al Madrasa Al Tankazyah,Religious,Jerusalem,Low,All,Religious,"Al-Madrasa Al-Tankaziyya is a Mamluk-era Islamic school in Jerusalem's Old City, founded by the governor Tankiz al-Nasiri in the 14th century.",31.695506,35.187508,OpenStreetMap Photon (city centroid fallback),City-level,0
134,Maqam Ala'a Al Busairi,Religious,Jerusalem,Low,All,Religious,"Maqam Ala'a Al-Busairi is a shrine associated with the Islamic scholar and poet Al-Busiri, known for his famous poem in praise of the Prophet Muhammad.",31.695506,35.187508,OpenStreetMap Photon (city centroid fallback),City-level,0
135,Maqam Tankaz,Religious,Jerusalem,Low,All,Religious,Maqam Tankaz is a historic shrine associated with the Mamluk governor Tankiz al-Nasiri in Jerusalem's Old City.,31.695506,35.187508,OpenStreetMap Photon (city centroid fallback),City-level,0
136,Sheikh Makky Mosque,Religious,Jerusalem,Medium,All,Religious,Sheikh Makky Mosque is a historic mosque within Jerusalem's Old City.,31.695506,35.187508,OpenStreetMap Photon (city centroid fallback),City-level,50
137,Khan Tankaz,Historic Old City,Jerusalem,Low,All,Cultural,"Khan Tankaz is a Mamluk-era caravanserai (khan) in Jerusalem's Old City, built under the patronage of governor Tankiz al-Nasiri.",31.695506,35.187508,OpenStreetMap Photon (city centroid fallback),City-level,5
138,Al Ghawanema sufi Order,Religious,Jerusalem,Low,All,Religious,The Al-Ghawanema Sufi Order maintains a historic religious presence near the northern gate of the Al-Aqsa Mosque compound bearing the same name.,31.695506,35.187508,OpenStreetMap Photon (city centroid fallback),City-level,0
139,The Islamic Supreme Committee/ Al Tashtamutya School,Historic Old City,Jerusalem,Low,All,Cultural,The Islamic Supreme Committee / Al-Tashtamuriyya School is a historic Mamluk-era Islamic institution in Jerusalem's Old City.,31.695506,35.187508,OpenStreetMap Photon (city centroid fallback),City-level,5
140,Industrial Islamic Orphanage School,Historic Old City,Jerusalem,Low,All,Cultural,The Industrial Islamic Orphanage School is a historic educational institution in Jerusalem's Old City that combined religious education with vocational training.,31.695506,35.187508,OpenStreetMap Photon (city centroid fallback),City-level,10
141,Indian Hospice,Religious,Jerusalem,Low,All,Religious,"The Indian Hospice, in Jerusalem's Old City, is a historic guesthouse for Muslim pilgrims, especially from South Asia, run under a Sufi endowment since the 16th century.",31.695506,35.187508,OpenStreetMap Photon (city centroid fallback),City-level,0
142,Sittunshu Palace,Historic Old City,Jerusalem,Medium,Family,Cultural,Sittunshu Palace is a historic residence in Jerusalem's Old City.,31.695506,35.187508,OpenStreetMap Photon (city centroid fallback),City-level,40
143,Khalidi Library,Museum,Jerusalem,Medium,All,Cultural,"The Khalidi Library, in Jerusalem's Old City, is one of the oldest and most significant private manuscript collections in Palestine, housing thousands of historic Islamic texts.",31.695506,35.187508,OpenStreetMap Photon (city centroid fallback),City-level,55
144,Masjid Othman,Religious,Jerusalem,Low,All,Religious,Masjid Othman is a historic mosque within Jerusalem's Old City.,31.695506,35.187508,OpenStreetMap Photon (city centroid fallback),City-level,0
145,St. Anne's Basilica & pool of Bethesda,Religious,Jerusalem,Medium,All,Religious,"St. Anne's Basilica is a well-preserved Crusader-era church in Jerusalem's Old City, built near the Pool of Bethesda and traditionally venerated as the birthplace of the Virgin Mary; it is known for its exceptional natural acoustics.",31.695506,35.187508,OpenStreetMap Photon (city centroid fallback),City-level,55
146,The Church of Bethphage,Religious,Jerusalem,Medium,All,Religious,"The Church of Bethphage, run by the Franciscans, sits on the Mount of Olives and marks the traditional starting point of Jesus's Palm Sunday procession into Jerusalem.",31.695506,35.187508,OpenStreetMap Photon (city centroid fallback),City-level,45
147,Augusta Victoria compound,Religious,Jerusalem,Low,All,Religious,"Augusta Victoria is a German-built hospice and hospital compound on the Mount of Olives, opened in 1910 and later converted into a hospital that continues to serve Palestinian patients.",31.695506,35.187508,OpenStreetMap Photon (city centroid fallback),City-level,0
148,Mount Zion Cemetery (Catholic),Nature & Trails,Jerusalem,Low,Youth,Adventure,"Mount Zion Cemetery is a Catholic burial ground on Mount Zion just outside Jerusalem's Old City, containing the graves of clergy and members of the local Christian community.",31.695506,35.187508,OpenStreetMap Photon (city centroid fallback),City-level,20
149,Cenacolino (Franciscan cenacle convent),Religious,Jerusalem,Low,All,Religious,"Cenacolino is a small Franciscan convent on Mount Zion, located near the traditional site of the Last Supper.",31.695506,35.187508,OpenStreetMap Photon (city centroid fallback),City-level,0
150,The Chapel of Ascension (Mosque site too),Religious,Jerusalem,Medium,All,Religious,The Chapel of the Ascension on the Mount of Olives marks the spot traditionally associated with Jesus's ascension into heaven; the site is shared with a small mosque and venerated by both Christians and Muslims.,31.695506,35.187508,OpenStreetMap Photon (city centroid fallback),City-level,55
151,Austrian Hospice,Religious,Jerusalem,Low,All,Religious,"The Austrian Hospice is a 19th-century pilgrim guesthouse on the Via Dolorosa in Jerusalem's Old City, still operating today as a guesthouse with a café and rooftop terrace overlooking the Old City.",31.695506,35.187508,OpenStreetMap Photon (city centroid fallback),City-level,0
152,The Cenacle (Supper Room),Religious,Jerusalem,Low,All,Religious,"The Cenacle, or Upper Room, on Mount Zion is traditionally identified as the site of the Last Supper.",31.695506,35.187508,OpenStreetMap Photon (city centroid fallback),City-level,0
153,Eleonsky Ascension Monastery,Religious,Jerusalem,Medium,All,Religious,"The Eleonsky (Russian) Ascension Monastery on the Mount of Olives is a Russian Orthodox convent known for its tall bell tower, popularly called the 'Russian Candle,' one of the highest points in Jerusalem.",31.695506,35.187508,OpenStreetMap Photon (city centroid fallback),City-level,50
154,The Holy Cross Monastery,Religious,Jerusalem,Medium,All,Religious,"The Holy Cross Monastery is a Georgian Orthodox monastery in Jerusalem, traditionally built on the site where the tree used to make the crucifixion cross was said to have grown.",31.695506,35.187508,OpenStreetMap Photon (city centroid fallback),City-level,30
155,Holy Monastery Of The Ascension,Religious,Jerusalem,Medium,All,Religious,"The Holy Monastery of the Ascension is a Greek Orthodox monastic complex on the Mount of Olives, near the traditional site of Jesus's ascension.",31.779238,35.244222,OpenStreetMap Photon,Matched,45
156,Christ Church,Religious,Jerusalem,Medium,All,Religious,"Christ Church, near Jaffa Gate in the Old City, is the oldest Protestant church in the Middle East, consecrated in 1849 and still holding services today.",31.695506,35.187508,OpenStreetMap Photon (city centroid fallback),City-level,30
157,Christian Information Center,Religious,Jerusalem,Low,All,Religious,"The Christian Information Center, located near Jaffa Gate, provides visitor guidance, maps, and resources for pilgrims and tourists exploring Jerusalem's Christian holy sites.",31.695506,35.187508,OpenStreetMap Photon (city centroid fallback),City-level,0
158,Latin Patriarchate,Religious,Jerusalem,Low,All,Religious,"The Latin Patriarchate is the seat of the Roman Catholic Latin Patriarchate of Jerusalem, located near the Church of the Holy Sepulchre in the Old City.",31.714254,35.18806,OpenStreetMap Photon,Matched,0
159,Dormition Abbey,Religious,Jerusalem,Low,All,Religious,"Dormition Abbey is a German Benedictine abbey on Mount Zion, traditionally marking the site where the Virgin Mary fell into 'eternal sleep,' notable for its distinctive conical roof and bell tower.",31.695506,35.187508,OpenStreetMap Photon (city centroid fallback),City-level,0
160,St. Peter in Gallicantu,Religious,Jerusalem,Low,All,Religious,"St. Peter in Gallicantu is a church on Mount Zion built over a site traditionally associated with Peter's denial of Jesus, including an ancient pit believed to have been used as a holding cell.",31.695506,35.187508,OpenStreetMap Photon (city centroid fallback),City-level,0
161,St. Stephan's church,Religious,Jerusalem,Medium,All,Religious,"St. Stephen's Church, near Damascus Gate, stands at the traditional site associated with the martyrdom of St. Stephen and is linked to the nearby École Biblique.",31.695506,35.187508,OpenStreetMap Photon (city centroid fallback),City-level,35
162,St. Thomas Church,Religious,Jerusalem,Medium,All,Religious,St. Thomas Church is an Armenian church located within Jerusalem's Old City.,31.784868,35.228567,OpenStreetMap Photon,Matched,30
163,Dominos Flevit,Religious,Jerusalem,Low,All,Religious,"Dominus Flevit is a Franciscan chapel on the Mount of Olives, built in the shape of a teardrop to mark the spot where Jesus is said to have wept over Jerusalem.",31.777985,35.241912,OpenStreetMap Photon,Matched,0
164,Ecce Homo ( Lithostrotos and Basilica),Religious,Jerusalem,Medium,All,Religious,Ecce Homo (Lithostrotos and Basilica) is a convent and church on the Via Dolorosa built over ancient paving stones traditionally associated with Pilate's judgment of Jesus.,31.695506,35.187508,OpenStreetMap Photon (city centroid fallback),City-level,20
165,Cathedral of the Annunciation of the Virgin,Religious,Jerusalem,Low,All,Religious,This cathedral in Jerusalem's Old City is associated with the Annunciation tradition and serves the local Christian community; visitors should verify current denominational affiliation and opening hours locally.,31.77737,35.228349,OpenStreetMap Photon,Matched,0
166,Flagelation Monastery,Religious,Jerusalem,Medium,All,Religious,"The Flagellation Monastery, run by the Franciscans on the Via Dolorosa, marks the traditional site where Jesus was flogged before his crucifixion and houses an archaeological museum.",31.695506,35.187508,OpenStreetMap Photon (city centroid fallback),City-level,25
167,The Garden Tomb,Religious,Jerusalem,Medium,All,Religious,"The Garden Tomb, near Damascus Gate, is a rock-cut tomb set in a garden that many Protestant visitors regard as a possible alternative site to the Church of the Holy Sepulchre for Jesus's burial and resurrection.",31.695506,35.187508,OpenStreetMap Photon (city centroid fallback),City-level,20
168,Franciscan bookshop,Religious,Jerusalem,Low,All,Religious,"The Franciscan bookshop, run by the Custody of the Holy Land, sells religious literature, guides, and souvenirs near Jerusalem's Old City.",31.695506,35.187508,OpenStreetMap Photon (city centroid fallback),City-level,0
169,Sixth station (Veronica),Religious,Jerusalem,Low,All,Religious,The Sixth Station of the Via Dolorosa traditionally marks the spot where Veronica is said to have wiped Jesus's face with her veil.,31.695506,35.187508,OpenStreetMap Photon (city centroid fallback),City-level,0
170,Greek Orthodox Patriarchate Jerusalem,Religious,Jerusalem,Low,All,Religious,"The Greek Orthodox Patriarchate of Jerusalem is one of the oldest Christian institutions in the Old City, overseeing numerous churches and holy sites across the region.",31.778225,35.227875,OpenStreetMap Photon,Matched,0
171,The Church of The Holy Sepulchre,Religious,Jerusalem,Medium,All,Religious,"The Church of the Holy Sepulchre is among the holiest sites in Christianity, traditionally believed to encompass both Golgotha, where Jesus was crucified, and the tomb from which he is said to have risen; it is shared by several Christian denominations.",31.695506,35.187508,OpenStreetMap Photon (city centroid fallback),City-level,40
172,Gethsemane Basilica (church of all nations),Religious,Jerusalem,Medium,All,Religious,"The Basilica of the Agony (Church of All Nations), run by the Franciscans at the foot of the Mount of Olives, is built over the rock where Jesus is said to have prayed the night before his arrest.",31.695506,35.187508,OpenStreetMap Photon (city centroid fallback),City-level,45
173,Gethsemane Grotto,Religious,Jerusalem,Low,All,Religious,The Gethsemane Grotto is a cave near the Garden of Gethsemane traditionally associated with Jesus's arrest.,31.780162,35.239813,OpenStreetMap Photon,Matched,0
174,Pater Nostre (Eleona),Religious,Jerusalem,Low,All,Religious,The Pater Noster Church (Eleona) on the Mount of Olives traditionally marks the spot where Jesus taught the Lord's Prayer; its cloister walls are covered with ceramic tile versions of the prayer in over 100 languages.,31.695506,35.187508,OpenStreetMap Photon (city centroid fallback),City-level,0
175,St. Lazarus Church and Tomb,Religious,Jerusalem,Medium,All,Religious,"St. Lazarus Church and Tomb, in the town of al-Eizariya (biblical Bethany), stands at the traditional tomb of Lazarus, said to have been raised from the dead by Jesus.",31.695506,35.187508,OpenStreetMap Photon (city centroid fallback),City-level,40
176,Museum Terra Sancta,Museum,Jerusalem,High,Family,Cultural,"Terra Sancta Museum, run by the Franciscans, showcases archaeology and the history of Christian presence in the Holy Land.",31.78058,35.234068,OpenStreetMap Photon,Matched,105
177,Lutheran Church of the Redeemer,Religious,Jerusalem,Medium,All,Religious,"The Lutheran Church of the Redeemer in the Old City is known for its bell tower, which visitors can climb for panoramic views over Jerusalem's rooftops.",31.695506,35.187508,OpenStreetMap Photon (city centroid fallback),City-level,30
178,St. John the Baptist Monastery,Religious,Jerusalem,Medium,All,Religious,St. John the Baptist Monastery (also known by its Arabic and Greek names) is a Greek Orthodox monastic site in the Jerusalem area associated with the veneration of St. John the Baptist.,31.695506,35.187508,OpenStreetMap Photon (city centroid fallback),City-level,50
179,St. Charalambos Monastery,Religious,Jerusalem,Medium,All,Religious,St. Charalambos Monastery is a small Greek Orthodox monastic site in the Jerusalem area.,31.695506,35.187508,OpenStreetMap Photon (city centroid fallback),City-level,45
180,St. Catherine Monastery,Religious,Jerusalem,Medium,All,Religious,St. Catherine Monastery (Jerusalem) is a small Greek Orthodox monastic site distinct from the famous Sinai monastery of the same name.,31.695506,35.187508,OpenStreetMap Photon (city centroid fallback),City-level,40
181,Our Lady of Sorrows Armenian Catholic Church,Religious,Jerusalem,Medium,All,Religious,Our Lady of Sorrows Armenian Catholic Church serves Jerusalem's Armenian Catholic community.,31.695506,35.187508,OpenStreetMap Photon (city centroid fallback),City-level,45
182,St. George's Cathedral ( the Martyr),Religious,Jerusalem,Low,All,Religious,"St. George's Cathedral (the Martyr) is an Anglican cathedral complex in East Jerusalem, seat of the Anglican Diocese of Jerusalem.",31.695506,35.187508,OpenStreetMap Photon (city centroid fallback),City-level,0
183,St. SAVIOUR MONASTERY,Religious,Jerusalem,Medium,All,Religious,"St. Saviour's Monastery is the main Franciscan monastery in Jerusalem's Old City, seat of the Custody of the Holy Land.",31.695506,35.187508,OpenStreetMap Photon (city centroid fallback),City-level,55
184,Emmaus - qubeibeh village,Religious,Jerusalem,Low,Family,Religious,"Emmaus (Qubeibeh village) is one of several sites traditionally identified with the biblical village of Emmaus, where the resurrected Jesus is said to have appeared to two disciples.",31.695506,35.187508,OpenStreetMap Photon (city centroid fallback),City-level,0
185,Galilea Minor Monastery on Mount of Olives,Religious,Jerusalem,Low,All,Religious,Galilea Minor Monastery on the Mount of Olives is a small Greek Orthodox monastic site.,31.695506,35.187508,OpenStreetMap Photon (city centroid fallback),City-level,0
186,St Stephan Monastery,Religious,Jerusalem,Medium,All,Religious,"St. Stephen's Monastery is a small Greek Orthodox monastic site in the Jerusalem area, distinct from the Via Dolorosa station of the same saint.",31.695506,35.187508,OpenStreetMap Photon (city centroid fallback),City-level,50
187,3rd station Via Dolorosa,Religious,Jerusalem,Low,All,Religious,The Third Station of the Via Dolorosa marks the traditional spot of Jesus's first fall while carrying the cross.,31.695506,35.187508,OpenStreetMap Photon (city centroid fallback),City-level,0
188,4th Station Via Dolorosa,Religious,Jerusalem,Low,All,Religious,"The Fourth Station of the Via Dolorosa marks the traditional spot where Jesus is said to have met his mother, Mary.",31.695506,35.187508,OpenStreetMap Photon (city centroid fallback),City-level,0
189,5th station Via Dolorosa,Religious,Jerusalem,Low,All,Religious,The Fifth Station of the Via Dolorosa marks where Simon of Cyrene is said to have been compelled to help carry Jesus's cross.,31.695506,35.187508,OpenStreetMap Photon (city centroid fallback),City-level,0
190,6th station Via Dolorosa,Religious,Jerusalem,Low,All,Religious,The Sixth Station of the Via Dolorosa is associated with Veronica wiping Jesus's face.,31.695506,35.187508,OpenStreetMap Photon (city centroid fallback),City-level,0
191,7th Station Via Dolorosa,Religious,Jerusalem,Low,All,Religious,"The Seventh Station of the Via Dolorosa marks Jesus's second fall, near what was once the city gate leading out of the Old City.",31.695506,35.187508,OpenStreetMap Photon (city centroid fallback),City-level,0
192,8th station Via Dolorosa,Religious,Jerusalem,Low,All,Religious,The Eighth Station of the Via Dolorosa marks where Jesus is said to have spoken to the women of Jerusalem.,31.695506,35.187508,OpenStreetMap Photon (city centroid fallback),City-level,0
193,9th station Via Dolorosa,Religious,Jerusalem,Low,All,Religious,"The Ninth Station of the Via Dolorosa marks Jesus's third fall, near the entrance to the Ethiopian and Coptic monasteries adjoining the Holy Sepulchre.",31.695506,35.187508,OpenStreetMap Photon (city centroid fallback),City-level,0
194,Tomb of Mary,Religious,Jerusalem,Medium,All,Religious,"The Tomb of Mary, in the Kidron Valley below the Mount of Olives, is a Greek Orthodox and Armenian shrine traditionally venerated as the burial place of the Virgin Mary.",31.695506,35.187508,OpenStreetMap Photon (city centroid fallback),City-level,55
195,St. Mary Magdalene Monastery,Religious,Jerusalem,Medium,All,Religious,"St. Mary Magdalene Monastery, with its distinctive golden onion domes, is a Russian Orthodox convent on the Mount of Olives overlooking Jerusalem's Old City.",31.695506,35.187508,OpenStreetMap Photon (city centroid fallback),City-level,30
196,St. Theodore Monastery,Religious,Jerusalem,Medium,All,Religious,St. Theodore Monastery is a small Greek Orthodox monastic site in the Jerusalem area.,31.695506,35.187508,OpenStreetMap Photon (city centroid fallback),City-level,50
197,St. Georgios Monastery,Religious,Jerusalem,Medium,All,Religious,St. Georgios Monastery is a small Greek Orthodox monastic site in the Jerusalem area.,31.695506,35.187508,OpenStreetMap Photon (city centroid fallback),City-level,35
198,St. Vasileos Monastery,Religious,Jerusalem,Medium,All,Religious,St. Vasileos Monastery is a small Greek Orthodox monastic site in the Jerusalem area.,31.695506,35.187508,OpenStreetMap Photon (city centroid fallback),City-level,25
199,Mar Elias Monastery,Religious,Bethlehem,Low,All,Religious,A monastery near Al-Khader associated with the prophet Elijah and a familiar landmark on the Bethlehem–Hebron road.,31.702327,35.187644,OpenStreetMap Photon (city centroid fallback),City-level,0
200,St. Efthimios Monastery,Religious,Jerusalem,Medium,All,Religious,"St. Efthimios Monastery is a Greek Orthodox monastic site associated with St. Euthymius, a prominent figure in early monasticism in the Judean Desert.",31.695506,35.187508,OpenStreetMap Photon (city centroid fallback),City-level,45
201,St. Michael Monastery,Religious,Jerusalem,Medium,All,Religious,St. Michael Monastery is a small Greek Orthodox monastic site in the Jerusalem area.,31.695506,35.187508,OpenStreetMap Photon (city centroid fallback),City-level,20
202,St. Nicholas Monastery,Religious,Jerusalem,Medium,All,Religious,St. Nicholas Monastery is a small Greek Orthodox monastic site in the Jerusalem area.,31.695506,35.187508,OpenStreetMap Photon (city centroid fallback),City-level,40
203,St. Dimitrios Monastery,Religious,Jerusalem,Medium,All,Religious,St. Dimitrios Monastery is a small Greek Orthodox monastic site in the Jerusalem area.,31.695506,35.187508,OpenStreetMap Photon (city centroid fallback),City-level,25
204,Museum of the Greek Orthodox Patriarchate,Museum,Jerusalem,High,Family,Cultural,"The Museum of the Greek Orthodox Patriarchate displays religious artifacts, manuscripts, and vestments related to the Patriarchate's long history in Jerusalem.",31.695506,35.187508,OpenStreetMap Photon (city centroid fallback),City-level,105
205,St. Sednaya Monastery,Religious,Jerusalem,Medium,All,Religious,St. Sednaya Monastery is a Greek Orthodox monastic site linked in tradition to the well-known Convent of Our Lady of Saidnaya in Syria.,31.695506,35.187508,OpenStreetMap Photon (city centroid fallback),City-level,20
206,St. Katherina Monastery,Religious,Jerusalem,Medium,All,Religious,St. Katherina Monastery (Jerusalem) is a small Greek Orthodox monastic site.,31.695506,35.187508,OpenStreetMap Photon (city centroid fallback),City-level,40
207,St. Thekla Monastery,Religious,Jerusalem,Medium,All,Religious,St. Thekla Monastery is a small Greek Orthodox monastic site associated with the early Christian saint Thecla.,31.695506,35.187508,OpenStreetMap Photon (city centroid fallback),City-level,25
208,St. Simeon Monastery,Religious,Jerusalem,Medium,All,Religious,"St. Simeon Monastery, in Jerusalem's Katamon neighborhood, is a Greek Orthodox monastery associated with the biblical figure Simeon.",31.695506,35.187508,OpenStreetMap Photon (city centroid fallback),City-level,50
209,Gornensky convent,Religious,Jerusalem,Low,All,Religious,"Gornensky Convent is a Russian Orthodox convent in the Ein Karem area of Jerusalem, traditionally associated with the visitation of Mary to Elizabeth.",31.763259,35.158191,OpenStreetMap Photon,Matched,0
210,Mary's Spring,Nature & Trails,Jerusalem,Low,Youth,Adventure,"Mary's Spring, in the Ein Karem neighborhood, is traditionally associated with the biblical Visitation of Mary to her cousin Elizabeth.",31.780426,35.239656,OpenStreetMap Photon,Matched,10
211,Cathedral os St. Jacob Brother of God,Religious,Jerusalem,Low,All,Religious,"The Cathedral of St. James, Brother of God, is a small chapel or cathedral site associated with the tradition of James in the Jerusalem Christian community.",31.695506,35.187508,OpenStreetMap Photon (city centroid fallback),City-level,0
212,Old City Wall - Jaffa Gate to Damascus Gate,Historic Old City,Jerusalem,Low,All,Cultural,"This stretch of Jerusalem's Old City wall runs from Jaffa Gate to Damascus Gate, part of the 16th-century Ottoman fortifications built under Suleiman the Magnificent, walkable via the Ramparts Walk.",31.695506,35.187508,OpenStreetMap Photon (city centroid fallback),City-level,0
213,Hisham's Palace,Historic Old City,Jericho,Medium,All,Cultural,"The Umayyad palace complex is famous for its monumental ruins, bathhouse, and detailed mosaic floors.",31.881918,35.460434,OpenStreetMap Photon,Matched,55
214,Wadi al-Quff Nature Reserve,Nature & Trails,Hebron,Low,Youth,Adventure,"A wooded nature area west of Hebron offering walking routes, shaded valleys, and a change from the dense urban old city.",31.533628,35.097976,OpenStreetMap Photon (city centroid fallback),City-level,0
215,Wadi Qelt Reserve Trail,Nature & Trails,Jericho,Medium,Youth,Adventure,"A marked trail through a dramatic desert valley with springs, cliffs, and historic paths.",31.859361,35.459795,OpenStreetMap Photon (city centroid fallback),City-level,25
216,Mar Saba Trail,Nature & Trails,Bethlehem,Medium,Youth,Adventure,A rugged hiking route through the Kidron Valley with views of the cliffside monastery and surrounding desert hills.,31.702327,35.187644,OpenStreetMap Photon (city centroid fallback),City-level,40
217,Wadi al-Makhrour-Battir Trail,Nature & Trails,Bethlehem,Low,Youth,Adventure,"A rural trail through terraced landscapes, olive groves, and traditional agricultural scenery near Battir.",31.702327,35.187644,OpenStreetMap Photon (city centroid fallback),City-level,20
218,Ein Samiya-Al-Auja Reserve Trail,Nature & Trails,Jericho,Low,Youth,Adventure,A long-distance nature route linking spring-fed landscapes and open valleys in the Jordan Valley region.,31.859361,35.459795,OpenStreetMap Photon (city centroid fallback),City-level,15
219,Wadi Qana Reserve Trail,Nature & Trails,Ramallah,Low,Youth,Adventure,"A scenic valley trail with springs, rocky slopes, and cultivated terraces suited to hiking and landscape photography.",31.898619,35.178064,OpenStreetMap Photon (city centroid fallback),City-level,0
220,Beitillu Wadi Jannata Reserve Trail,Nature & Trails,Ramallah,Low,Youth,Adventure,A rural reserve trail through valleys and olive landscapes northwest of Ramallah.,31.898619,35.178064,OpenStreetMap Photon (city centroid fallback),City-level,20
221,Wadi Zarqa Elwi Reserve Trail,Nature & Trails,Ramallah,Low,Youth,Adventure,A countryside hiking route through a valley landscape with seasonal vegetation and panoramic hill views.,31.898619,35.178064,OpenStreetMap Photon (city centroid fallback),City-level,10
222,Wadi El-Leymoun-Aboud Trail,Nature & Trails,Ramallah,Low,Youth,Adventure,A trail connecting citrus-growing rural landscapes and historic village surroundings near Aboud.,31.898619,35.178064,OpenStreetMap Photon (city centroid fallback),City-level,5
223,Wadi al-Jamal Nature Area,Nature & Trails,Bethlehem,Low,Youth,Adventure,"An open valley landscape near Bethlehem suitable for guided walks, views, and outdoor nature activities.",31.702327,35.187644,OpenStreetMap Photon (city centroid fallback),City-level,15
224,Artas Valley Gardens,Nature & Trails,Bethlehem,Low,Family,Relaxing,A fertile spring-fed valley with gardens and agricultural terraces that is well suited to a calm family outing.,31.702327,35.187644,OpenStreetMap Photon (city centroid fallback),City-level,5
225,Al-Auja Nature Reserve,Nature & Trails,Jericho,Low,Family,Relaxing,"A spring-fed oasis north of Jericho with palms, open landscapes, and rural walking opportunities.",31.859361,35.459795,OpenStreetMap Photon (city centroid fallback),City-level,5
226,Ein Feshkha Springs,Nature & Trails,Jericho,Medium,All,Relaxing,"Wetland springs near the Dead Sea known for warm lowland scenery, water sources, and wildlife habitat.",31.859361,35.459795,OpenStreetMap Photon (city centroid fallback),City-level,20
227,Jericho Oasis Palm Groves,Nature & Trails,Jericho,Low,Family,Relaxing,Palm groves and agricultural plots create an accessible landscape for relaxed walks and family sightseeing.,31.859361,35.459795,OpenStreetMap Photon (city centroid fallback),City-level,0
228,Ramallah Municipal Park,Family/Recreational,Ramallah,Low,Family,Family,"A long-established public park with green space, family seating, entertainment areas, and a musical fountain.",31.922055,35.21174,OpenStreetMap Photon,Matched,5
229,"Family Park, Ramallah",Family/Recreational,Ramallah,Low,Family,Family,"A neighbourhood park with a children’s playground, seating, and a multipurpose activity building.",31.898619,35.178064,OpenStreetMap Photon (city centroid fallback),City-level,15
230,Yousef Qaddoura Park,Family/Recreational,Ramallah,Low,Family,Family,"A community recreation park with sports courts, outdoor fitness equipment, a skate area, and event space.",31.898619,35.178064,OpenStreetMap Photon (city centroid fallback),City-level,0
231,Al-Bayyara Garden,Family/Recreational,Ramallah,Low,Family,Family,A small landscaped garden with children’s play areas and comfortable family seating in Al-Masyoun.,31.898619,35.178064,OpenStreetMap Photon (city centroid fallback),City-level,15
232,Garden of the Nations,Family/Recreational,Ramallah,Low,All,Relaxing,"A central municipal garden designed for quiet sitting, walking, and community activities.",31.898619,35.178064,OpenStreetMap Photon (city centroid fallback),City-level,5
233,Al-Istiqlal Park,Family/Recreational,Ramallah,Low,Family,Family,"A public park between Ramallah and Al-Bireh with green spaces, play facilities, seating, and outdoor gathering areas.",31.898619,35.178064,OpenStreetMap Photon (city centroid fallback),City-level,5
234,Radana Park,Family/Recreational,Ramallah,Low,Family,Family,A wooded city park offering shaded paths and open areas for informal recreation.,31.898619,35.178064,OpenStreetMap Photon (city centroid fallback),City-level,10
235,San Fernando Park,Family/Recreational,Ramallah,Low,Family,Family,A neighbourhood recreation space with greenery and facilities intended for local families and children.,31.898619,35.178064,OpenStreetMap Photon (city centroid fallback),City-level,15
236,Al-Bireh Park,Family/Recreational,Ramallah,Low,Family,Family,"A public green space with walking areas, playground features, and room for family picnics and outdoor activity.",31.898619,35.178064,OpenStreetMap Photon (city centroid fallback),City-level,0
237,Palestine Wildlife Society Nature Activities,Family/Recreational,Bethlehem,Medium,Family,Family,Environmental education and nature activities connected with Palestine’s wildlife and habitat conservation work.,31.702327,35.187644,OpenStreetMap Photon (city centroid fallback),City-level,20
238,Battir Eco-Tourism Garden,Family/Recreational,Bethlehem,Low,Family,Relaxing,"A community-based rural setting where visitors can enjoy terraces, gardens, local food, and traditional agricultural scenery.",31.702327,35.187644,OpenStreetMap Photon (city centroid fallback),City-level,5
239,Solomon's Pools Park Area,Family/Recreational,Bethlehem,Low,Family,Relaxing,The landscaped surroundings of the historic pools provide open space for picnics and relaxed visits alongside the waterworks.,31.688948,35.168849,OpenStreetMap Photon,Matched,10
240,Jericho Tourist Park,Family/Recreational,Jericho,Medium,Family,Family,"A recreation-oriented visitor area in Jericho designed for breaks, family activities, and access to local attractions.",31.859361,35.459795,OpenStreetMap Photon (city centroid fallback),City-level,35
241,Jericho Agro-Tourism Farms,Family/Recreational,Jericho,Medium,Family,Family,"Working farms and agricultural visits showcase Jericho’s dates, citrus, vegetables, and oasis-based food production.",31.859361,35.459795,OpenStreetMap Photon (city centroid fallback),City-level,50
242,Aqabat Jabr Community Park,Family/Recreational,Jericho,Low,Family,Family,A local open space serving the community near Jericho with room for children’s play and outdoor gatherings.,31.859361,35.459795,OpenStreetMap Photon (city centroid fallback),City-level,15
243,Al-Sawahreh Viewpoint Trails,Nature & Trails,Jericho,Low,Youth,Adventure,Open hillside viewpoints in the Jericho region provide broad views toward the Jordan Valley and Dead Sea basin.,31.859361,35.459795,OpenStreetMap Photon (city centroid fallback),City-level,20
244,Ein Qiniya Valley Trail,Nature & Trails,Ramallah,Low,Youth,Adventure,A countryside walking route through olive-covered hills and seasonal valley scenery west of Ramallah.,31.898619,35.178064,OpenStreetMap Photon (city centroid fallback),City-level,10
245,Taybeh-Ein Samiya Trail,Nature & Trails,Ramallah,Low,Youth,Adventure,A rural route linking Taybeh’s hill landscapes with spring and valley scenery toward Ein Samiya.,31.898619,35.178064,OpenStreetMap Photon (city centroid fallback),City-level,10
246,Wadi al-Makhrour Nature Landscape,Nature & Trails,Bethlehem,Low,All,Relaxing,"A protected cultural landscape of terraces, olive trees, and valley views near Beit Jala and Battir.",31.702327,35.187644,OpenStreetMap Photon (city centroid fallback),City-level,5
247,Wadi al-Quff Family Picnic Area,Family/Recreational,Hebron,Low,Family,Family,"A recreation-focused part of the Wadi al-Quff landscape suitable for picnics, shaded rest, and easy outdoor time.",31.533628,35.097976,OpenStreetMap Photon (city centroid fallback),City-level,10
248,Hebron Agricultural Terraces Walk,Nature & Trails,Hebron,Low,All,Relaxing,"A rural walking experience through traditional stone terraces, olive groves, and southern Palestinian countryside.",31.533628,35.097976,OpenStreetMap Photon (city centroid fallback),City-level,10
249,Dura Countryside Trails,Nature & Trails,Hebron,Low,Youth,Adventure,"Open countryside routes around Dura offer hill views, agricultural landscapes, and opportunities for guided hiking.",31.533628,35.097976,OpenStreetMap Photon (city centroid fallback),City-level,15
250,Halhul Vineyard Landscapes,Nature & Trails,Hebron,Low,All,Relaxing,The highland vineyards around Halhul create a distinctive agricultural landscape for seasonal rural visits.,31.533628,35.097976,OpenStreetMap Photon (city centroid fallback),City-level,15
251,Bani Na'im Countryside Viewpoints,Nature & Trails,Hebron,Low,Youth,Adventure,Rural viewpoints around Bani Na’im look across the southern hills and are best visited with local guidance.,31.533628,35.097976,OpenStreetMap Photon (city centroid fallback),City-level,10
252,Bethlehem Community Garden,Family/Recreational,Bethlehem,Low,Family,Family,A small-scale community green space offering informal recreation and a relaxed setting for local families.,31.702327,35.187644,OpenStreetMap Photon (city centroid fallback),City-level,15
253,Beit Jala Public Park,Family/Recreational,Bethlehem,Low,Family,Family,"A municipal-style green area in Beit Jala intended for walking, sitting, and children’s outdoor play.",31.702327,35.187644,OpenStreetMap Photon (city centroid fallback),City-level,10
254,An-Najah National University,Education,Nablus,High,Youth,Educational,"An-Najah National University, in Nablus, is one of the largest and most prominent Palestinian universities, with a campus of historic and modern significance.",32.228066,35.237042,OpenStreetMap Photon (city centroid fallback),City-level,130
255,Al Manara Square,Historic Old City,Ramallah,Low,All,Cultural,"Ramallah’s central square is known for its lion statues and lively streets, making it a practical starting point for exploring the city.",31.898619,35.178064,OpenStreetMap Photon (city centroid fallback),City-level,20
256,Yasser Arafat Tomb,Historic,Ramallah,Low,All,Religious,The memorial complex honors Yasser Arafat and combines national memory with a distinctive modern architectural setting.,31.898619,35.178064,OpenStreetMap Photon (city centroid fallback),City-level,0
257,Yasser Arafat Museum,Museum,Ramallah,Medium,Youth,Cultural,"The museum presents the history of the Palestinian national movement through documents, personal objects, and multimedia displays.",31.898619,35.178064,OpenStreetMap Photon (city centroid fallback),City-level,45
258,Ramallah Cultural Palace,Cultural,Ramallah,Medium,Family,Family,"A major venue for Palestinian theatre, music, exhibitions, and public cultural events.",31.8916,35.191006,OpenStreetMap Photon,Matched,25
259,Dar Zahran Heritage Building,Museum,Ramallah,Medium,Family,Cultural,"This restored heritage house in the old centre hosts photography, art, and exhibits connected to Ramallah’s urban memory.",31.898619,35.178064,OpenStreetMap Photon (city centroid fallback),City-level,50
260,Mahmoud Darwish Museum,Museum,Ramallah,Medium,Youth,Cultural,"The museum and memorial space celebrates Mahmoud Darwish’s poetry, life, and lasting contribution to Palestinian literature.",31.892586,35.203085,OpenStreetMap Photon,Matched,50
261,Khalil Sakakini Cultural Center,Family/Recreational,Ramallah,Medium,Youth,Family,"An independent cultural centre offering exhibitions, talks, workshops, and artistic programming in a historic setting.",31.898725,35.201753,OpenStreetMap Photon,Matched,50
262,The Palestinian Museum,Museum,Ramallah,Medium,Family,Cultural,"Located in Birzeit near Ramallah, the museum uses exhibitions, gardens, and research to interpret Palestinian history and culture.",31.963031,35.183383,OpenStreetMap Photon,Matched,55
263,Ottoman Court,Historic Old City,Ramallah,Low,All,Cultural,The nineteenth-century Ottoman-era stone building reflects Ramallah’s civic history and traditional urban architecture.,31.898619,35.178064,OpenStreetMap Photon (city centroid fallback),City-level,5
264,Al-Hambra Palace,Historic Old City,Ramallah,Medium,All,Cultural,"This heritage mansion, dating to 1926, offers a glimpse of Palestinian domestic architecture and local hospitality.",31.898619,35.178064,OpenStreetMap Photon (city centroid fallback),City-level,40
265,Greek Orthodox Church of the Transfiguration,Religious,Ramallah,Low,All,Religious,A functioning Orthodox church that represents Ramallah’s Christian heritage and community life.,31.898619,35.178064,OpenStreetMap Photon (city centroid fallback),City-level,0
266,Holy Family Catholic Church,Religious,Ramallah,Low,All,Religious,A Catholic parish church serving the local community and visitors interested in Ramallah’s religious diversity.,31.90494,35.199654,OpenStreetMap Photon,Matched,0
267,Evangelical Lutheran Church,Religious,Ramallah,Low,All,Religious,A historic Protestant congregation whose church and community work form part of Ramallah’s modern heritage.,31.898947,35.201624,OpenStreetMap Photon,Matched,0
268,Taybeh Village,Historic Old City,Ramallah,Low,All,Cultural,"An ancient Christian village northeast of Ramallah, known for stone architecture, churches, and local traditions.",31.898619,35.178064,OpenStreetMap Photon (city centroid fallback),City-level,15
269,"St. George Church, Taybeh",Religious,Ramallah,Low,All,Religious,"A historic church in Palestine’s only predominantly Christian village, associated with Taybeh’s long Christian tradition.",31.95275,35.302487,OpenStreetMap Photon,Matched,0
270,Taybeh Brewery,Family/Recreational,Ramallah,Medium,Youth,Family,Palestine’s first microbrewery offers pre-arranged tours and connects craft production with Taybeh’s seasonal cultural events.,31.898619,35.178064,OpenStreetMap Photon (city centroid fallback),City-level,50
271,Birzeit Historic Village,Historic Old City,Ramallah,Low,All,Cultural,Birzeit’s old stone houses and village lanes preserve traditional architecture alongside a lively contemporary community.,31.898619,35.178064,OpenStreetMap Photon (city centroid fallback),City-level,10
272,Birzeit University,Education,Ramallah,Medium,Youth,Educational,The university campus is a major Palestinian educational and cultural landmark with public events and architectural interest.,31.96005,35.182412,OpenStreetMap Photon,Matched,55
273,Ein Qiniya Valley,Nature & Trails,Ramallah,Low,Youth,Adventure,"A rural valley west of Ramallah suited to short walks, landscape viewing, and exploring olive-covered hills.",31.898619,35.178064,OpenStreetMap Photon (city centroid fallback),City-level,15
274,Al-Bireh Old City,Historic Old City,Ramallah,Low,All,Cultural,"Historic lanes, traditional buildings, and religious landmarks in neighbouring Al-Bireh provide a broader urban heritage experience.",31.898619,35.178064,OpenStreetMap Photon (city centroid fallback),City-level,20
275,Church of the Nativity,Religious,Bethlehem,Low,All,Religious,A UNESCO-listed basilica built over the traditional birthplace of Jesus and one of Palestine’s most important pilgrimage sites.,31.702327,35.187644,OpenStreetMap Photon (city centroid fallback),City-level,0
276,Manger Square,Historic Old City,Bethlehem,Low,All,Cultural,The city’s principal public square sits beside the Church of the Nativity and connects major pilgrimage routes with cafés and markets.,31.702327,35.187644,OpenStreetMap Photon (city centroid fallback),City-level,0
277,Milk Grotto Chapel,Religious,Bethlehem,Low,All,Religious,A small chapel traditionally associated with the Holy Family and known for its pale limestone grotto.,31.702327,35.187644,OpenStreetMap Photon (city centroid fallback),City-level,0
278,Bethlehem Old City,Historic Old City,Bethlehem,Low,All,Cultural,"A network of historic lanes, stone houses, churches, workshops, and markets surrounding the Nativity complex.",31.702327,35.187644,OpenStreetMap Photon (city centroid fallback),City-level,0
279,Shepherds' Field Greek Orthodox Church,Religious,Bethlehem,Low,All,Religious,A domed church in Beit Sahour associated with the biblical shepherds and built above ancient remains.,31.702327,35.187644,OpenStreetMap Photon (city centroid fallback),City-level,0
280,Chapel of the Shepherds' Field,Religious,Bethlehem,Low,All,Religious,The Franciscan chapel commemorates the shepherds’ story and forms part of the pilgrimage landscape east of Bethlehem.,31.702327,35.187644,OpenStreetMap Photon (city centroid fallback),City-level,0
281,Beit Sahour Old Town,Historic Old City,Bethlehem,Low,All,Cultural,"The historic centre of Beit Sahour combines stone architecture, Christian heritage, and access to the Shepherds’ Field sites.",31.702327,35.187644,OpenStreetMap Photon (city centroid fallback),City-level,20
282,Walled Off Hotel Museum,Archaeological,Bethlehem,Medium,Youth,Adventure,Banksy’s museum and gallery near the separation wall presents political art and contemporary Palestinian perspectives.,31.719302,35.203156,OpenStreetMap Photon,Matched,60
283,Bethlehem Museum,Museum,Bethlehem,Medium,Family,Cultural,"A local heritage museum documenting Bethlehem’s traditions, historic objects, and social life.",31.702327,35.187644,OpenStreetMap Photon (city centroid fallback),City-level,55
284,Palestinian Heritage Center,Museum,Bethlehem,Medium,Family,Cultural,"The centre presents Palestinian embroidery, costumes, crafts, and cultural traditions through displays and activities.",31.717338,35.202478,OpenStreetMap Photon,Matched,50
285,Solomon's Pools,Archaeological,Bethlehem,Low,Youth,Adventure,Three ancient reservoirs south of Bethlehem form a striking historic water system surrounded by wooded hills.,31.688166,35.170109,OpenStreetMap Photon,Matched,0
286,Mar Saba Monastery,Religious,Bethlehem,Medium,Youth,Religious,A dramatic Greek Orthodox monastery built into the cliffs of the Kidron Valley and reached through a rugged landscape.,31.702327,35.187644,OpenStreetMap Photon (city centroid fallback),City-level,35
287,Artas Village and Springs,Nature & Trails,Bethlehem,Low,Youth,Adventure,"A fertile valley south of Bethlehem known for springs, gardens, agricultural traditions, and the historic convent nearby.",31.702327,35.187644,OpenStreetMap Photon (city centroid fallback),City-level,10
288,"St. George Monastery, Al-Khader",Religious,Bethlehem,Low,All,Religious,A local Christian shrine and monastery connected with Al-Khader’s religious traditions and annual celebrations.,31.844076,35.411778,OpenStreetMap Photon,Matched,0
289,Battir Terraces,Nature & Trails,Bethlehem,Low,Youth,Adventure,"UNESCO-listed agricultural terraces with ancient water channels, olive groves, and scenic walking routes west of Bethlehem.",31.702327,35.187644,OpenStreetMap Photon (city centroid fallback),City-level,15
290,Beit Jala Old City,Historic Old City,Bethlehem,Low,All,Cultural,"Historic lanes, stone houses, churches, and olive-growing traditions define this hillside town beside Bethlehem.",31.702327,35.187644,OpenStreetMap Photon (city centroid fallback),City-level,10
291,"St. Nicholas Church, Beit Jala",Religious,Bethlehem,Low,All,Religious,A historic church representing Beit Jala’s Christian heritage and its long-standing local religious community.,31.715736,35.185807,OpenStreetMap Photon,Matched,0
292,Cremisan Monastery and Valley,Religious,Bethlehem,Medium,Youth,Religious,"A monastery and vineyard landscape near Beit Jala, valued for its religious history and views across the surrounding hills.",31.702327,35.187644,OpenStreetMap Photon (city centroid fallback),City-level,30
293,Bethlehem Peace Center,Family/Recreational,Bethlehem,Medium,Family,Family,"A central cultural and visitor facility beside Manger Square that hosts exhibitions, events, and tourism information.",31.702327,35.187644,OpenStreetMap Photon (city centroid fallback),City-level,60
294,Ibrahimi Mosque / Cave of the Patriarchs,Religious,Hebron,Low,All,Religious,A major sacred complex in Hebron associated with the patriarchs and central to the city’s religious and historical identity.,31.533628,35.097976,OpenStreetMap Photon (city centroid fallback),City-level,0
295,Hebron Old City,Historic Old City,Hebron,Low,All,Cultural,"The UNESCO-listed old city contains Mamluk architecture, covered markets, historic houses, and important religious sites.",31.533628,35.097976,OpenStreetMap Photon (city centroid fallback),City-level,0
296,Old Hebron Museum,Museum,Hebron,Medium,Family,Cultural,The museum in a rehabilitated historic building presents local stories and a three-dimensional interpretation of the nearby old city.,31.533628,35.097976,OpenStreetMap Photon (city centroid fallback),City-level,60
297,Hebron Glass and Ceramic Factory,Historic Old City,Hebron,Medium,Family,Family,"Traditional workshops demonstrate Hebron’s distinctive coloured glass and ceramic production, with opportunities to buy locally made pieces.",31.533628,35.097976,OpenStreetMap Photon (city centroid fallback),City-level,25
298,Al-Jabari Palace,Historic Old City,Hebron,Low,All,Cultural,A historic urban palace reflecting Hebron’s traditional architecture and the city’s former elite residential culture.,31.533628,35.097976,OpenStreetMap Photon (city centroid fallback),City-level,10
299,Qasr al-Basha,Historic Old City,Hebron,Low,All,Cultural,A historic building in the old city that illustrates Hebron’s Ottoman and civic architectural layers.,31.50451,34.466268,OpenStreetMap Photon,Matched,10
300,Al-Haram Al-Ibrahimi Museum,Museum,Hebron,Medium,Family,Cultural,A heritage-oriented museum experience connected with the sacred complex and Hebron’s long religious history.,31.533628,35.097976,OpenStreetMap Photon (city centroid fallback),City-level,55
301,Hebron's Old Souq,Historic Old City,Hebron,Low,All,Cultural,"Covered market streets offer traditional foods, household goods, leather, ceramics, and everyday views of old Hebron commerce.",31.533628,35.097976,OpenStreetMap Photon (city centroid fallback),City-level,0
302,Hebron Pottery Workshops,Family/Recreational,Hebron,Medium,Family,Family,Traditional pottery studios preserve local craft skills and provide an opportunity to see handmade Palestinian ceramics.,31.533628,35.097976,OpenStreetMap Photon (city centroid fallback),City-level,50
303,Mamre / Oak of Abraham,Religious,Hebron,Low,All,Religious,A religiously significant site near Hebron associated with Abrahamic tradition and the ancient landscape of Mamre.,31.533628,35.097976,OpenStreetMap Photon (city centroid fallback),City-level,0
304,Russian Orthodox Church of the Holy Trinity,Religious,Hebron,Low,All,Religious,A church and pilgrimage site in the Hebron area connected with Orthodox religious heritage and the Mamre tradition.,31.533628,35.097976,OpenStreetMap Photon (city centroid fallback),City-level,0
305,Tel Rumeida,Archaeological,Hebron,Low,Youth,Adventure,An archaeological hill within Hebron containing remains from several historical periods and views over the old city.,31.533628,35.097976,OpenStreetMap Photon (city centroid fallback),City-level,10
306,Oak of Sibta,Nature & Trails,Hebron,Low,Youth,Adventure,A celebrated ancient oak associated with the Mamre landscape and Abrahamic traditions near Hebron.,31.533628,35.097976,OpenStreetMap Photon (city centroid fallback),City-level,0
307,Haram al-Rama,Archaeological,Hebron,Low,Youth,Adventure,An elevated historical site near Hebron with archaeological remains and broad views over the southern hill country.,31.533628,35.097976,OpenStreetMap Photon (city centroid fallback),City-level,15
308,Halhul Old Town,Historic Old City,Hebron,Low,All,Cultural,"The old centre of Halhul preserves traditional stone buildings, religious landmarks, and the character of a historic hill town.",31.533628,35.097976,OpenStreetMap Photon (city centroid fallback),City-level,0
309,Nabi Yunis Mosque,Religious,Hebron,Low,All,Religious,A prominent mosque and shrine in Halhul associated with the prophet Yunis and visible from the surrounding highlands.,31.533628,35.097976,OpenStreetMap Photon (city centroid fallback),City-level,0
310,Beit al-Rass Heritage Village,Historic Old City,Hebron,Low,All,Cultural,A rural heritage setting where traditional stone structures and agricultural landscapes illustrate the southern West Bank’s village culture.,31.533628,35.097976,OpenStreetMap Photon (city centroid fallback),City-level,0
311,Dura Old City,Historic Old City,Hebron,Low,All,Cultural,Dura’s historic centre and surrounding hills reflect a long settlement history and traditional southern Palestinian architecture.,31.533628,35.097976,OpenStreetMap Photon (city centroid fallback),City-level,5
312,Bani Na'im Shrine of Lot,Religious,Hebron,Low,All,Religious,A religious site in Bani Na’im associated with the prophet Lot and the town’s local pilgrimage traditions.,31.533628,35.097976,OpenStreetMap Photon (city centroid fallback),City-level,0
313,Tell es-Sultan / Ancient Jericho,Archaeological,Jericho,Medium,Youth,Adventure,"One of the world’s best-known ancient settlement mounds, with Neolithic remains, an early tower, and the spring-fed landscape of Jericho.",31.870756,35.439375,OpenStreetMap Photon,Matched,30
314,Mount of Temptation,Nature & Trails,Jericho,High,Youth,Adventure,The dramatic cliff above Jericho combines a steep landscape with religious tradition and access by hiking route or cable car service.,31.868894,35.443646,OpenStreetMap Photon,Matched,70
315,Monastery of the Quarantul,Religious,Jericho,High,Youth,Religious,A Greek Orthodox monastery built into Mount of Temptation and reached through a striking desert cliff setting.,31.859361,35.459795,OpenStreetMap Photon (city centroid fallback),City-level,70
316,Ein as-Sultan Spring,Nature & Trails,Jericho,Low,Youth,Adventure,The spring that sustains Jericho’s oasis makes a pleasant stop and helps explain the city’s exceptionally old settlement history.,31.859361,35.459795,OpenStreetMap Photon (city centroid fallback),City-level,0
317,Russian Museum and Gardens,Nature & Trails,Jericho,Medium,Youth,Adventure,A museum and landscaped complex presenting Russian and local connections in the Jericho area.,31.859361,35.459795,OpenStreetMap Photon (city centroid fallback),City-level,30
318,Sycamore Tree of Zacchaeus,Religious,Jericho,Low,All,Religious,A famous living landmark associated with the Gospel story of Zacchaeus and the city’s Christian pilgrimage tradition.,31.859361,35.459795,OpenStreetMap Photon (city centroid fallback),City-level,0
319,Nabi Musa Shrine,Religious,Jericho,Low,All,Religious,"A significant Islamic shrine and pilgrimage complex in the Jericho region, traditionally associated with the prophet Moses.",31.859361,35.459795,OpenStreetMap Photon (city centroid fallback),City-level,0
320,Wadi Qelt,Nature & Trails,Jericho,Medium,Youth,Adventure,"A dramatic desert valley with springs, cliffs, and ancient paths extending toward the Jordan Valley and St. George’s Monastery.",31.859361,35.459795,OpenStreetMap Photon (city centroid fallback),City-level,35
321,"St. George's Monastery, Wadi Qelt",Religious,Jericho,Low,Youth,Religious,A cliffside Orthodox monastery reached through the Wadi Qelt landscape and valued for its architecture and spiritual setting.,31.844076,35.411778,OpenStreetMap Photon,Matched,0
322,Jesus' Baptism Site on the Jordan River,Religious,Jericho,Medium,All,Religious,A pilgrimage destination on the Jordan River associated with the baptism of Jesus and the wider religious landscape of Jericho.,31.859361,35.459795,OpenStreetMap Photon (city centroid fallback),City-level,50
323,Jericho Oasis,Nature & Trails,Jericho,Low,Family,Adventure,"Palm groves, agricultural plots, and warm lowland scenery define the oasis around the city and make it suitable for relaxed exploration.",31.859361,35.459795,OpenStreetMap Photon (city centroid fallback),City-level,5
324,Jericho Cable Car,Family/Recreational,Jericho,High,Family,Family,The cable car provides an elevated approach toward Mount of Temptation and panoramic views over Jericho and the Jordan Valley.,31.859361,35.459795,OpenStreetMap Photon (city centroid fallback),City-level,85
325,Jericho Archaeological Museum,Archaeological,Jericho,Medium,Youth,Adventure,The museum supports visits to the ancient sites by displaying archaeological material from Jericho and the surrounding region.,31.859361,35.459795,OpenStreetMap Photon (city centroid fallback),City-level,30
326,Tell es-Samarat,Archaeological,Jericho,Low,Youth,Adventure,An archaeological location in the Jericho area that contributes to the region’s record of ancient settlement and agriculture.,31.859361,35.459795,OpenStreetMap Photon (city centroid fallback),City-level,10
327,Hasmonean and Herodian Palaces,Historic Old City,Jericho,Medium,All,Cultural,The palace remains near Jericho show the city’s importance as a winter residence during the Hasmonean and Herodian periods.,31.859361,35.459795,OpenStreetMap Photon (city centroid fallback),City-level,25
328,Wadi Nuway'ima,Nature & Trails,Jericho,Low,Youth,Adventure,A dry valley and rural landscape north of Jericho suited to landscape viewing and outdoor exploration with local guidance.,31.859361,35.459795,OpenStreetMap Photon (city centroid fallback),City-level,20
329,Deir Hajla Monastery,Religious,Jericho,Low,All,Religious,"A Greek Orthodox monastery in the Jericho region, known for its desert setting and pilgrimage associations.",31.859361,35.459795,OpenStreetMap Photon (city centroid fallback),City-level,0
330,Jericho Old Tell Area,Archaeological,Jericho,Low,Youth,Adventure,The area around the ancient tell connects modern Jericho with one of the earliest urban landscapes known in the region.,31.859361,35.459795,OpenStreetMap Photon (city centroid fallback),City-level,0
331,Dead Sea Shore near Jericho,Nature & Trails,Jericho,Medium,Youth,Adventure,"The nearby Dead Sea shore offers a distinctive lowland landscape and salt-water experience, subject to access and local conditions.",31.859361,35.459795,OpenStreetMap Photon (city centroid fallback),City-level,45
